﻿<?xml version="1.0" encoding="utf-8" ?>
  <SageFrameMessage>    
    <NoPhotosFound>No photos has been uploaded yet!</NoPhotosFound>
    <NoAlbumFound>No Album found!</NoAlbumFound>
    <AreYouSureToDelete>Are You Sure To Delete?</AreYouSureToDelete>
    <SettingsSavedSuccessfully>Settings saved successfully.</SettingsSavedSuccessfully>
    <PhotoDeletedSuccessfully>Image deleted successfully.</PhotoDeletedSuccessfully>
    <AlbumSavedSuccessfully>Album saved successfully.</AlbumSavedSuccessfully>
    <AlbumDeletedSuccessfully>Album deleted successfully.</AlbumDeletedSuccessfully>
    <ImageSavedSuccessfully>Image saved successfully.</ImageSavedSuccessfully>
    <ImageUpdatedSuccessfully>Image updated successfully.</ImageUpdatedSuccessfully>
    <ExceedFileSize>File size should be smaller.</ExceedFileSize>
    <FileTypeNotAllowed>This type of file is not allowed.</FileTypeNotAllowed>
    <PleaseSelectFile>Please Select a file..</PleaseSelectFile>
    <NoImageInAlbum>No Images are uploaded in this album.</NoImageInAlbum>
  </SageFrameMessage> 

