﻿<?xml version="1.0" encoding="utf-8" ?>
<SageFrameMessage>
  <SavedSuccessfully>Saved Successfully</SavedSuccessfully>
  <DeletedSuccesfully>Deleted Succesfully</DeletedSuccesfully>
  <SettingSavedSuccessfully>Setting Saved Successfully</SettingSavedSuccessfully>
  <PleaseEnterSomeShortContent>Please Enter Some Short Content</PleaseEnterSomeShortContent>
  <HistoryClearedSuccessfully>History Cleared Successfully</HistoryClearedSuccessfully>
  <Pleaseuploadtheadvrtisefilefirst>Please upload the advrtise file first</Pleaseuploadtheadvrtisefilefirst>
</SageFrameMessage>

