﻿<?xml version="1.0" encoding="utf-8" ?>
  <SageFrameMessage>
    <CategoryAdd>Category Saved Successfully.</CategoryAdd>
    <CategoryUpdate>Category Updated Successfully.</CategoryUpdate>
    <CategoryDelete>Category Deleted Successfully.</CategoryDelete>
    <CategoryCountLimit>Category Adding Limit Exceeded.</CategoryCountLimit>
    <CategoryDuplicate>Category Already Exists.</CategoryDuplicate>
    <AddPost>Post Added Successfully.</AddPost>
    <PostUpdate>Post Updated Successfully.</PostUpdate>
    <PostImageError>Image Size/Extension is not Valid.</PostImageError>
    <PostVideoError>Video Size/Extension is not Valid.</PostVideoError>
    <PostDocumentError>Document Size/Extension is not Valid.</PostDocumentError>
    <PostDelete>Post Deleted Successfully.</PostDelete>
    <ImageDelete>Image Deleted Successfully.</ImageDelete>
    <DocumentDelete>Document Deleted Successfully.</DocumentDelete>
    <VideoDelete>Video Deleted Successfully.</VideoDelete>
    <PostAddLimit>Post Adding Limit Exceeded.</PostAddLimit>
    <BlogRollRepeatTitle>Title Must be Unique.</BlogRollRepeatTitle>
    <BlogRollLimit>BlogRoll Limit is:</BlogRollLimit>
    <BlogRollAdd>BlogRoll Added Successfully.</BlogRollAdd>
    <BlogRollUpdate>BlogRoll Updated Successfully.</BlogRollUpdate>
    <BlogRollDelete>BlogRoll Deleted Successfully.</BlogRollDelete>
    <BlogTagUpdate>Tag Updated Successfully.</BlogTagUpdate>
    <BlogTagDelete>Tag Deleted Successfully.</BlogTagDelete>
    <BlogTagUpdateFail>Tag Already Exists.</BlogTagUpdateFail>
    <BlogCommentBlackListed>You Are in Black Listed.Contact Administrator.</BlogCommentBlackListed>
    <BlogCommentAdded>Comment Added Successfully.</BlogCommentAdded>
    <Approved>Comment Approved Successfully.</Approved>
    <CommentDeleted>Comment Deleted Successfully.</CommentDeleted>
    <CommentReject>Comment Rejected Successfully.</CommentReject>
    <DeleteBlackList>User Deleted From Black List.</DeleteBlackList>
    <CommentUpdate>Comment Updated Successfully.</CommentUpdate>
    <BlogCommentModerate>Comment Will be Displayed After Approved.</BlogCommentModerate>
    <BloggerSetting>Blogger Setting Saved Successfully.</BloggerSetting>
    <MasterSetting>Blog Master Setting Saved.</MasterSetting>
    <PostSetting>Post Setting Saved.</PostSetting>
    <BlogRollSetting>BlogRoll Setting Saved.</BlogRollSetting>
    <CategorySetting>Category Setting Saved.</CategorySetting>
    <CommentSetting>Comment Setting Saved.</CommentSetting>
    <GeneralSetting>General Setting Saved.</GeneralSetting>
    <MonthArchive>Month Archive Setting Saved.</MonthArchive>
    <RatingSetting>Rating Setting Saved.</RatingSetting>
    <RecentCommentSetting>Recent Comment Setting Saved.</RecentCommentSetting>
    <RecentPostSetting>Recent Post Setting Saved.</RecentPostSetting>
    <RelatedPostSetting>Related Post Setting Saved.</RelatedPostSetting>
    <RssSetting>RSS Setting Saved.</RssSetting>
    <SearchSetting>Search Setting Saved.</SearchSetting>
    <TagSetting>Tag Setting Saved.</TagSetting>
    <TemplateSetting>Template Setting Saved.</TemplateSetting>
    <JobIsUpdatedSuccessfully>Job is updated successfully</JobIsUpdatedSuccessfully>
    <JobIsAddedSuccessfully>Job is added successfully</JobIsAddedSuccessfully>
    <JobIsDeletedSuccessfully>Job is deleted successfully</JobIsDeletedSuccessfully>
    <JobSettingUpdatedSuccessfully>Job Setting is updated successfully</JobSettingUpdatedSuccessfully>
    <DepartmentIsAddedSuccessfully>Department is added successfully</DepartmentIsAddedSuccessfully>
    <DepartmentIsDeletedSuccessfullty>Department is deleted successfully</DepartmentIsDeletedSuccessfullty>
    <DepartmentIsUpdatedSuccessfully>Department is updated successfully</DepartmentIsUpdatedSuccessfully>
    <ResumeIsAddedSuccessfully>Your resume is uploaded successfully</ResumeIsAddedSuccessfully>
    <wrongfile>please check file size /file type</wrongfile>
    <notSuccess>file upload is not successful</notSuccess>
    <insertImage>Image upload successful</insertImage>
    <insertCategory>Category is added successfully</insertCategory>
    <deleteCategory>Delete Category successful</deleteCategory>
    <emptyField>Field is empty</emptyField>
    <existCategory>This category already exists!</existCategory>
  </SageFrameMessage> 

