﻿<?xml version="1.0" encoding="utf-8" ?>
<VideoGallery>

  <DeleteVideo>Video Deleted Successfully. </DeleteVideo>
  <DeleteEmbedVideo>Embedded link deleted successfully. </DeleteEmbedVideo>
  <LinkSaveSuccessfully>Link save Successfully.</LinkSaveSuccessfully>
  <LinkAleradyExit>Link exit already.</LinkAleradyExit>
  <SaveSelectedVideo>Seleted video save successfully with default view.</SaveSelectedVideo>
  <SaveSelectedSageEmbeddedVideo>Sage embedded video with player size save successfully.</SaveSelectedSageEmbeddedVideo>
  <SaveSelectedYTEmbeddedVideo>Youtube embedded video with player size save successfully.</SaveSelectedYTEmbeddedVideo>
  <VideoGallerySettingSavedSuccessfully>Setting updated successfully.</VideoGallerySettingSavedSuccessfully>
  <VideoGallerySettingSavedFail>sorry! no setting updated, please checked any mode for setting .</VideoGallerySettingSavedFail>
  <YTPlayerSize> please upload video! </YTPlayerSize>
  <UploadVideo>Upload Video</UploadVideo>
  <Nolinkfound>No link found</Nolinkfound>
  <EnterSearchText>Please enter search text !</EnterSearchText>
  <VideoSettingError>Please select the option !</VideoSettingError>
  <EmbeddedSaveFail>Please check any one !</EmbeddedSaveFail>
  <DefaultVideo>Default video cannot be deleted !</DefaultVideo>
  <VideonameTooLong>Video name is too long !</VideonameTooLong>
  <SetCategory>Set video category !</SetCategory>
  <NoCategory>No category is declared please enter category</NoCategory>
  <ToolargeVideo>Upload upto 100Mb !</ToolargeVideo>

</VideoGallery>

