﻿<?xml version="1.0" encoding="utf-8" ?>
	<SageFrameMessage>
    <SettingsSavedSuccessfully>Settings saved successfully.</SettingsSavedSuccessfully>
    <DataSavedSuccessfully>Data saved successfully.</DataSavedSuccessfully>
    <DataDeletedSuccessfully>Data deleted successfully..</DataDeletedSuccessfully>
    <ChooseCategoryIcon>Please choose category icon..</ChooseCategoryIcon>
    <CategoryIconExtension>This type of Icon is not allowed..</CategoryIconExtension>
    <CategoryDocumentExtension>This type of document is not allowed..</CategoryDocumentExtension>
    <CategoryDocumentSize>Document size should be smaller..</CategoryDocumentSize>
    <ChooseDocument>Please choose a document....</ChooseDocument>
    <ChooseCategory>Please choose a category....</ChooseCategory>
    <CategoryIconSize>Category Icon should be smaller.</CategoryIconSize>
    <NoCategory>....No category....</NoCategory>
    <NoDocument>...No document....</NoDocument>
    <NoResultsFound>....No Results Found....</NoResultsFound>
  </SageFrameMessage>

