﻿<?xml version="1.0" encoding="utf-8" ?>
<PressRelease>
  <PleaseEnterSomeContent>Please Enter Some Content</PleaseEnterSomeContent>
  <AnnouncementDeletedSuccessfully>Announcement deleted successfully. </AnnouncementDeletedSuccessfully>
  <AnnouncementSavedSuccessfully>Announcement saved successfully. </AnnouncementSavedSuccessfully>
  <AnnouncementUpdatedSuccessfully>Announcement updated successfully. </AnnouncementUpdatedSuccessfully>
  <AnnouncementSettingSavedSuccessfully>Announcement settings saved successfully. </AnnouncementSettingSavedSuccessfully>
</PressRelease>
